{"cameraMode":{"drawMode":0,"name":"Shaded","section":"Shading Mode"},"sceneLighting":true,"audioPlay":false,"sceneViewState":{"showFog":true,"showMaterialUpdate":true,"showSkybox":true,"showFlares":true,"showImageEffects":true,"showParticleSystems":true},"in2DMode":false,"pivot":{"x":-0.45361804962158205,"y":-5.350441932678223,"z":5.7991943359375},"rotation":{"x":-0.3004641532897949,"y":0.0805635154247284,"z":-0.02547924779355526,"w":-0.9500439167022705},"size":11.862603187561036,"orthographic":false}