{"cameraMode":{"drawMode":0,"name":"Shaded","section":"Shading Mode"},"sceneLighting":true,"audioPlay":false,"sceneViewState":{"showFog":true,"showMaterialUpdate":true,"showSkybox":true,"showFlares":true,"showImageEffects":true,"showParticleSystems":true},"in2DMode":false,"pivot":{"x":-0.19441008567810059,"y":-5.102512359619141,"z":13.425713539123536},"rotation":{"x":-0.2159697562456131,"y":0.03279745578765869,"z":-0.007258397992700338,"w":-0.9758230447769165},"size":10.64297866821289,"orthographic":false}