{"cameraMode":{"drawMode":0,"name":"Shaded","section":"Shading Mode"},"sceneLighting":true,"audioPlay":false,"sceneViewState":{"showFog":true,"showMaterialUpdate":true,"showSkybox":true,"showFlares":true,"showImageEffects":true,"showParticleSystems":true},"in2DMode":false,"pivot":{"x":0.9249037504196167,"y":-5.141208648681641,"z":9.35305404663086},"rotation":{"x":0.45501387119293215,"y":-0.018697716295719148,"z":0.009556732140481472,"w":0.8902378082275391},"size":24.865530014038087,"orthographic":false}