{"cameraMode":{"drawMode":0,"name":"Shaded","section":"Shading Mode"},"sceneLighting":true,"audioPlay":false,"sceneViewState":{"showFog":true,"showMaterialUpdate":true,"showSkybox":true,"showFlares":true,"showImageEffects":true,"showParticleSystems":true},"in2DMode":false,"pivot":{"x":1.277698278427124,"y":-0.8753890991210938,"z":-0.8264389038085938},"rotation":{"x":0.24352195858955384,"y":-0.005819330923259258,"z":0.0014611497754231096,"w":0.969876766204834},"size":12.466036796569825,"orthographic":false}