{"cameraMode":{"drawMode":0,"name":"Shaded","section":"Shading Mode"},"sceneLighting":true,"audioPlay":false,"sceneViewState":{"showFog":true,"showMaterialUpdate":true,"showSkybox":true,"showFlares":true,"showImageEffects":true,"showParticleSystems":true},"in2DMode":false,"pivot":{"x":-4.712688446044922,"y":-8.09638786315918,"z":6.810690879821777},"rotation":{"x":0.2843014597892761,"y":-0.014082944951951504,"z":0.004176854621618986,"w":0.9586229920387268},"size":15.226564407348633,"orthographic":false}