{"cameraMode":{"drawMode":0,"name":"Shaded","section":"Shading Mode"},"sceneLighting":true,"audioPlay":false,"sceneViewState":{"showFog":true,"showMaterialUpdate":true,"showSkybox":true,"showFlares":true,"showImageEffects":true,"showParticleSystems":true},"in2DMode":false,"pivot":{"x":7.109777450561523,"y":-7.035625457763672,"z":18.58753204345703},"rotation":{"x":0.22333796322345735,"y":-0.024550002068281175,"z":0.005628833547234535,"w":0.974420428276062},"size":16.135513305664064,"orthographic":false}