{"cameraMode":{"drawMode":0,"name":"Shaded","section":"Shading Mode"},"sceneLighting":true,"audioPlay":false,"sceneViewState":{"showFog":true,"showMaterialUpdate":true,"showSkybox":true,"showFlares":true,"showImageEffects":true,"showParticleSystems":true},"in2DMode":false,"pivot":{"x":-0.023571591824293138,"y":-4.661214351654053,"z":4.100276947021484},"rotation":{"x":-0.3058289587497711,"y":0.0019969535060226919,"z":-0.0006414182134903967,"w":-0.9520840644836426},"size":9.925760269165039,"orthographic":false}