{"cameraMode":{"drawMode":0,"name":"Shaded","section":"Shading Mode"},"sceneLighting":true,"audioPlay":false,"sceneViewState":{"showFog":true,"showMaterialUpdate":true,"showSkybox":true,"showFlares":true,"showImageEffects":true,"showParticleSystems":true},"in2DMode":false,"pivot":{"x":-3.3749310970306398,"y":-6.812082290649414,"z":8.773138046264649},"rotation":{"x":0.27236926555633547,"y":-0.054510291665792468,"z":0.015457329340279103,"w":0.9605249762535095},"size":17.92808723449707,"orthographic":false}