{"cameraMode":{"drawMode":0,"name":"Shaded","section":"Shading Mode"},"sceneLighting":true,"audioPlay":false,"sceneViewState":{"showFog":true,"showMaterialUpdate":true,"showSkybox":true,"showFlares":true,"showImageEffects":true,"showParticleSystems":true},"in2DMode":false,"pivot":{"x":-3.683868169784546,"y":-21.682945251464845,"z":26.867809295654298},"rotation":{"x":0.3125609755516052,"y":-0.04812244325876236,"z":0.015858853235840799,"w":0.9485502243041992},"size":37.066410064697269,"orthographic":false}