{"cameraMode":{"drawMode":0,"name":"Shaded","section":"Shading Mode"},"sceneLighting":true,"audioPlay":false,"sceneViewState":{"showFog":true,"showMaterialUpdate":true,"showSkybox":true,"showFlares":true,"showImageEffects":true,"showParticleSystems":true},"in2DMode":false,"pivot":{"x":-13.0,"y":1.809999942779541,"z":8.899995803833008},"rotation":{"x":-0.1782010793685913,"y":0.050742652267217639,"z":-0.009200752712786198,"w":-0.9826458692550659},"size":0.3666721284389496,"orthographic":false}