{"cameraMode":{"drawMode":0,"name":"Shaded","section":"Shading Mode"},"sceneLighting":true,"audioPlay":false,"sceneViewState":{"showFog":true,"showMaterialUpdate":true,"showSkybox":true,"showFlares":true,"showImageEffects":true,"showParticleSystems":true},"in2DMode":false,"pivot":{"x":0.5885628461837769,"y":6.301060676574707,"z":-13.889853477478028},"rotation":{"x":0.27545300126075747,"y":-0.0400625541806221,"z":0.011490498669445515,"w":0.9604118466377258},"size":2.9660253524780275,"orthographic":false}