{"cameraMode":{"drawMode":0,"name":"Shaded","section":"Shading Mode"},"sceneLighting":true,"audioPlay":false,"sceneViewState":{"showFog":true,"showMaterialUpdate":true,"showSkybox":true,"showFlares":true,"showImageEffects":true,"showParticleSystems":true},"in2DMode":false,"pivot":{"x":-4.356157302856445,"y":-7.068058013916016,"z":8.898117065429688},"rotation":{"x":0.17420266568660737,"y":-0.0881887674331665,"z":0.015668049454689027,"w":0.9806322455406189},"size":30.02081871032715,"orthographic":false}