{"cameraMode":{"drawMode":0,"name":"Shaded","section":"Shading Mode"},"sceneLighting":true,"audioPlay":false,"sceneViewState":{"showFog":true,"showMaterialUpdate":true,"showSkybox":true,"showFlares":true,"showImageEffects":true,"showParticleSystems":true},"in2DMode":false,"pivot":{"x":-1.0235719680786133,"y":-5.186158180236816,"z":9.374804496765137},"rotation":{"x":0.2825639545917511,"y":0.04631892219185829,"z":-0.013661150820553303,"w":0.9580338597297669},"size":18.00091552734375,"orthographic":false}