{"cameraMode":{"drawMode":0,"name":"Shaded","section":"Shading Mode"},"sceneLighting":true,"audioPlay":false,"sceneViewState":{"showFog":true,"showMaterialUpdate":true,"showSkybox":true,"showFlares":true,"showImageEffects":true,"showParticleSystems":true},"in2DMode":false,"pivot":{"x":-4.186099052429199,"y":-0.654271125793457,"z":9.117053031921387},"rotation":{"x":-0.38821470737457278,"y":0.0695628896355629,"z":-0.02940131351351738,"w":-0.9184737801551819},"size":17.721960067749025,"orthographic":false}