{"cameraMode":{"drawMode":0,"name":"Shaded","section":"Shading Mode"},"sceneLighting":true,"audioPlay":false,"sceneViewState":{"showFog":true,"showMaterialUpdate":true,"showSkybox":true,"showFlares":true,"showImageEffects":true,"showParticleSystems":true},"in2DMode":false,"pivot":{"x":3.4319875240325929,"y":-18.153297424316408,"z":16.510194778442384},"rotation":{"x":0.3112424612045288,"y":-0.0014254322741180659,"z":0.0004671046626754105,"w":0.9503304362297058},"size":27.143089294433595,"orthographic":false}